{"accuracy": 0.7892122072391767, "f1_score": 0.42994241842610365, "training_time_sec": 3.4365153312683105}